{
"Reviews" : [
    {
    "AssetName": "X Series Forklift",
    "Suitability": 5,
    "SuitabilityComment": "",
    "Value": 5,
    "ValueComment": "",
    "Durability": 5,
    "DurabilityComment": "",
    "Longevity": 5,
    "LongevityComment": "",
    "SummaryComments": "Smart machinery that helps us get the job done.",
    "SubmissionDate": "2022-02-06T14:00:00.007Z",
    "SubmittedBy": "Robert Jones"
   },
   {
    "AssetName": "Drone Quadcopter",
    "Suitability": 2,
    "SuitabilityComment": "We haven't found much use for this yet.",
    "Value": 2,
    "ValueComment": "This asset was pretty expensive.",
    "Durability": 3.5,
    "DurabilityComment": "",
    "Longevity": 3.5,
    "LongevityComment": "",
    "SummaryComments": "",
    "SubmissionDate": "2022-02-01T13:00:00.007Z",
    "SubmittedBy": "Layla Parker"
    },
    {
    "AssetName": "X Series Forklift",
    "Suitability": 5,
    "SuitabilityComment": "Very helpful around the warehouse.",
    "Value": 5,
    "ValueComment": "Reasonably priced.",
    "Durability": 5,
    "DurabilityComment": "",
    "Longevity": 5,
    "LongevityComment": "",
    "SummaryComments": "",
    "SubmissionDate": "2022-01-08T02:00:00.007Z",
    "SubmittedBy": "Layla Parker"
    },
    {
    "AssetName": "X Series Forklift",
    "Suitability": 2,
    "SuitabilityComment": "",
    "Value": 2,
    "ValueComment": "",
    "Durability": 5,
    "DurabilityComment": "",
    "Longevity": 2,
    "LongevityComment": "",
    "SummaryComments": "It's too hard to drive.",
    "SubmissionDate": "2022-01-02T08:00:00.007Z",
    "SubmittedBy": "Ronald McDoogle"
    },
    {
    "AssetName": "4G63 Engine",
    "Suitability": 5,
    "SuitabilityComment": "",
    "Value": 5,
    "ValueComment": "",
    "Durability": 5,
    "DurabilityComment": "",
    "Longevity": 5,
    "LongevityComment": "",
    "SummaryComments": "",
    "SubmissionDate": "2022-02-06T14:00:00.007Z",
    "SubmittedBy": "Robert Jones"
    },
    {
    "AssetName": "4G63 Engine",
    "Suitability": 4,
    "SuitabilityComment": "",
    "Value": 4,
    "ValueComment": "",
    "Durability": 5,
    "DurabilityComment": "",
    "Longevity": 5,
    "LongevityComment": "",
    "SummaryComments": "",
    "SubmissionDate": "2022-02-07T14:00:00.007Z",
    "SubmittedBy": "James Smith"
    },
    {
    "AssetName": "Ferrari F90",
    "Suitability": 5,
    "SuitabilityComment": "This asset is suitable for the job.",
    "Value": 4,
    "ValueComment": "Expensive but high quality parts.",
    "Durability": 4,
    "DurabilityComment": "Requires significant maintenance but fairly reliable.",
    "Longevity": 4,
    "LongevityComment": "",
    "SummaryComments": "Now we can get to work faster.",
    "SubmissionDate": "2021-11-24T01:00:00.007Z",
    "SubmittedBy": "James Smith"
    },
    {
    "AssetName": "X Series Forklift",
    "Suitability": 5,
    "SuitabilityComment": ".",
    "Value": 5,
    "ValueComment": "This was well worth the investment.",
    "Durability": 4,
    "DurabilityComment": "",
    "Longevity": 4,
    "LongevityComment": "Even if a new model comes out, this will still be useful.",
    "SummaryComments": "",
    "SubmissionDate": "2021-11-18T05:00:00.007Z",
    "SubmittedBy": "Sarah Rose"
    },
    {
    "AssetName": "Ferrari F90",
    "Suitability": 3,
    "SuitabilityComment": "Why do we need a Ferrari for the warehouse?",
    "Value": 2,
    "ValueComment": "",
    "Durability": 4,
    "DurabilityComment": "",
    "Longevity": 4,
    "LongevityComment": "",
    "SummaryComments": "",
    "SubmissionDate": "2021-11-18T05:00:00.007Z",
    "SubmittedBy": "Sarah Rose"
    }
  ]                    
}